trial_number,alpha,min_df,max_df,norm,use_idf,smooth_idf,sublinear_tf,accuracy_train,accuracy_test,accuracy_mean
0,1.442579354072398,1801,0.7335429380226267,l2,True,True,True,0.42336256517988624,0.4104904051172708,0.41692648514857855
1,0.03325327324665544,1151,0.2416391704620953,l1,False,False,True,0.4685440901673112,0.45038805970149254,0.45946607493440184
2,0.9964328333655343,2801,0.8903681901352943,,False,True,True,0.37835401867712426,0.3664648187633262,0.37240941872022526
3,0.062226274911875434,3401,0.4455957673042913,l2,True,False,False,0.3528738326797326,0.3433859275053305,0.34812988009253154
4,3.9712422948676975,1501,0.8713938966334043,,True,True,True,0.45239563821094725,0.44105756929637524,0.44672660375366124
5,0.007666568779188022,2451,0.4579714437905784,,True,False,True,0.3498239488712016,0.3411002132196162,0.3454620810454089
6,0.2800027191730461,2701,0.2736326525955394,,False,False,False,0.37290747244293415,0.36081876332622603,0.3668631178845801
7,0.06991738175629082,651,0.5302496968980772,,True,False,False,0.7273426635500192,0.6984733475479744,0.7129080055489968
8,0.0019517620669099365,3001,0.8546928034885003,l1,False,False,True,0.3267996021494853,0.3173901918976546,0.32209489702356997
9,0.01065558136790337,1901,0.5962578372896715,,True,True,True,0.40812907836608164,0.3968102345415778,0.4024696564538297
10,0.3541618752699827,1,0.12843687817980576,l2,True,False,False,0.7503055573890264,0.6557611940298508,0.7030333757094386
11,0.2885775952263119,1,0.11514184524692643,l2,True,False,False,0.7626985554020498,0.6621748400852878,0.7124366977436688
12,0.19029195545250197,51,0.5966621989216475,l2,True,False,False,0.7418205075097699,0.7087078891257996,0.7252641983177848
13,0.10629822888031797,701,0.642695392568109,l2,True,False,False,0.7064486834288888,0.6781066098081023,0.6922776466184956
14,0.01827993856004803,651,0.491174952743642,l1,True,False,False,0.5664089438980702,0.5422430703624733,0.5543260071302718
15,0.10168990647043505,651,0.6941515911870622,,True,False,False,0.727347215615405,0.698456289978678,0.7129017527970416
16,0.0026583196617005955,301,0.34638216361080065,l2,True,False,False,0.7371045677700114,0.7054328358208956,0.7212687017954535
17,0.0013467412553443,1201,0.3337184452401942,l2,True,False,False,0.5806614606212204,0.5593347547974413,0.5699981077093308
18,0.0033861021205291624,3951,0.3714558438443806,l2,False,True,False,0.3441270390407888,0.3354200426439232,0.339773540842356
19,0.0047275558262388565,251,0.7819314982572311,l2,True,False,False,0.7384292187972988,0.7064051172707889,0.7224171680340439
20,0.0050149074700010276,1101,0.9709638831277014,l2,True,False,False,0.6418093549495745,0.6158976545842217,0.6288535047668982
21,0.0010936637156917352,151,0.7607765473636652,l2,True,False,False,0.7418296116405416,0.709953091684435,0.7258913516624883
22,0.019829456813204395,251,0.767254567062299,l2,True,False,False,0.7383905262415189,0.7063539445628998,0.7223722354022093
23,0.0010150504392052906,351,0.8121371986296924,l2,True,False,False,0.7350857267713793,0.7045117270788912,0.7197987269251352
24,0.004932319219467861,951,0.6353946880718889,l2,True,False,False,0.6842209481496992,0.6565117270788913,0.6703663376142952
25,0.0010412547725601015,251,0.9521136252464948,l2,True,False,False,0.7384405989607635,0.7064221748400853,0.7224313869004244
26,0.0010571080289854208,1451,0.9795605292038704,l1,False,True,False,0.37276408238327935,0.3621321961620469,0.3674481392726631
27,0.8241491952690705,451,0.9474010963303598,l2,True,False,False,0.7272493462096089,0.6969211087420043,0.7120852274758066
28,0.18688838572247635,1,0.6863919322135321,l2,True,False,False,0.7754966872344154,0.6638464818763327,0.719671584555374
29,1.972782282820166,2101,0.9049579836245075,l2,True,True,False,0.400506644877447,0.3886226012793177,0.39456462307838236
30,0.03970602646068155,1651,0.7457383941107144,l2,True,False,False,0.4391764403303889,0.42635394456289977,0.43276519244664435
31,0.0019040816209026964,901,0.808818905521728,l2,True,False,False,0.688067443400757,0.6598720682302772,0.6739697558155171
32,0.003372766282926502,251,0.8044370238956039,l2,True,False,False,0.7384292187972988,0.7064051172707889,0.7224171680340439
33,0.0018346502664281733,401,0.5863281983345329,l2,True,False,False,0.732183785087889,0.7014754797441365,0.7168296324160127
34,0.009690072882840472,101,0.6854068907090052,l1,False,False,True,0.5187715796349699,0.4970575692963753,0.5079145744656726
35,0.004848145315068813,851,0.9315291253682936,l2,True,False,False,0.6927082740616486,0.6643240938166312,0.6785161839391398
36,0.01911409003336959,501,0.8298630731919323,l2,True,True,True,0.7270718156595601,0.6966311300639659,0.7118514728617631
37,0.7813583124137193,1151,0.7486112110797771,l2,False,False,False,0.5674103982829609,0.5451257995735608,0.5562680989282609
38,0.03758156714379539,201,0.8832102036357617,l1,True,False,False,0.57707670912985,0.5523923240938167,0.5647345166118334
39,0.0016087444204187192,2151,0.582538807657511,l2,True,False,True,0.39690596115722604,0.38451172707889125,0.3907088441180586
40,0.1727077250377028,551,0.9980454723189879,,False,True,False,0.7436345055660379,0.7122217484008528,0.7279281269834454
41,0.16223013211192108,501,0.9853383404171582,,False,True,False,0.750385218533279,0.7182430703624734,0.7343141444478762
42,0.16741594992124095,451,0.9958522768134803,,False,True,False,0.7548826591345158,0.7226268656716418,0.7387547624030788
43,0.5105791821179118,551,0.9942426456130258,,False,True,False,0.7434706312121467,0.7120170575692963,0.7277438443907216
44,0.36969450707667983,1401,0.9036332650100343,,False,True,False,0.49119516752738634,0.47687846481876334,0.4840368161730748
45,0.5355271445363362,601,0.9908198143755258,,False,True,True,0.7412833637942375,0.7107036247334755,0.7259934942638565
46,0.5100928685016426,751,0.9984202085504862,,False,True,True,0.7273449395827122,0.6988144989339019,0.713079719258307
47,0.16025155686786893,501,0.9994263126217986,,False,True,True,0.7522993620280362,0.7207846481876332,0.7365420051078346
48,0.14785739530144723,1051,0.8539346722162288,,False,True,True,0.6799624909812204,0.6529466950959488,0.6664545930385846
49,1.6610357318337967,1301,0.9364044743749808,,False,True,True,0.5176904641058264,0.5002302771855011,0.5089603706456638
0,1.1114278827034711,2201,0.4123650050614972,l2,False,False,True,0.38416928220756963,0.37182089552238806,0.37799508886497885
1,4.19733897219343,2601,0.7349452279250478,,True,True,True,0.35307412355671075,0.34333475479744135,0.34820443917707605
2,0.11569738604490853,1601,0.915815056618745,l1,True,False,False,0.38462448874615635,0.3730490405117271,0.3788367646289417
3,0.24264427258714671,1201,0.7809420440740614,l1,False,True,True,0.4249648921957115,0.4091769722814499,0.4170709322385807
4,0.025105656934625294,1701,0.336633514567368,,True,False,True,0.4158539333258983,0.4044861407249467,0.41017003702542254
5,2.0577340569478366,1401,0.6795476221091241,l1,True,False,True,0.40107792908337336,0.38824733475479745,0.3946626319190854
6,0.011636876198284254,1151,0.2661190748225378,l1,False,False,True,0.4640147851083733,0.44636247334754797,0.45518862922796066
7,0.00934760780796783,1251,0.6457171309465707,l2,False,True,True,0.5021815773361769,0.48479317697228147,0.4934873771542292
8,0.0021463474532418853,2301,0.6572554660896199,,True,True,True,0.3659746768602584,0.3553944562899787,0.36068456657511855
9,0.018853886649814567,1951,0.46224812173432384,,True,True,False,0.39319375183505134,0.38231130063965885,0.3877525262373551
10,0.0019708708965503175,1,0.1139266472266785,l2,False,True,False,0.803068547276613,0.666865671641791,0.7349671094592021
11,0.0011216405129823846,51,0.19892199312670267,l2,False,True,False,0.7203893836731071,0.6873859275053305,0.7038876555892188
12,0.001344134139061719,201,0.11703950118860534,l2,False,True,False,0.7238375732029015,0.6915138592750533,0.7076757162389774
13,0.0037794811978196785,1,0.13124043878863148,l2,False,True,False,0.7960515384842988,0.6663710021321961,0.7312112703082474
14,0.004205306123604594,3751,0.10169924368913316,l2,False,True,False,0.3445185166639734,0.33466950959488273,0.33959401312942805
15,0.004392083852641705,601,0.281478629345226,l2,False,True,False,0.6807773106852907,0.6521279317697228,0.6664526212275068
16,0.0650171865847465,601,0.5135488411035398,l2,False,True,False,0.6695109488552694,0.641228144989339,0.6553695469223042
17,0.003482205896614122,651,0.18492158433194436,l2,False,True,False,0.6815420576701163,0.6524008528784648,0.6669714552742906
18,0.039198902591858965,1,0.3520876582179642,l2,False,True,False,0.7604839755918255,0.6617484008528784,0.711116188222352
19,0.2599873149965893,3051,0.9967202950140245,l2,False,True,False,0.3563425065037634,0.3456545842217484,0.3509985453627559
20,0.009028894145920454,901,0.21017444383373957,l2,False,True,False,0.6607709833144043,0.632545842217484,0.6466584127659442
21,0.04554233233164034,101,0.3630219132424828,l2,False,True,False,0.7077255377696245,0.6758038379530917,0.6917646878613581
22,0.002544360796493517,351,0.2968317720980259,l2,False,True,False,0.701059038012022,0.671863539445629,0.6864612887288255
23,0.00633617068821487,1,0.1665654894241867,l2,False,True,False,0.7910215062329156,0.66672921108742,0.7288753586601677
24,0.005557653019046768,851,0.15411828228593602,l2,False,True,False,0.6694267356456308,0.6404264392324094,0.6549265874390201
25,0.0019248155235881172,301,0.22572228763124055,l2,False,True,False,0.7091867507584879,0.6788912579957356,0.6940390043771117
26,0.0011119429250598647,451,0.12397371858774914,l2,False,False,False,0.7081989525697547,0.6769466950959488,0.6925728238328518
27,0.015054927612979637,851,0.5405332069578308,l2,False,True,False,0.6470328499798571,0.6206737739872068,0.6338533119835319
28,0.007482234874481524,3401,0.24487677389031273,,False,True,False,0.35100065777344824,0.3425671641791045,0.34678391097627637
29,0.0028804126060059856,351,0.4302019128899217,l1,False,False,False,0.5256429223349364,0.5036759061833689,0.5146594142591526
30,0.41594427988020743,901,0.16184242771696264,l2,False,True,False,0.6639528770191255,0.6353944562899787,0.6496736666545522
31,0.039902598942381295,1,0.36244259647719346,l2,False,True,False,0.760119810360956,0.661680170575693,0.7108999904683244
32,0.005912537166940516,1,0.31781220080698597,l2,False,True,False,0.7836266760135743,0.6600085287846482,0.7218176023991112
33,0.006375693576139863,501,0.16534838123414725,l2,False,True,False,0.6994771952904332,0.6684179104477612,0.6839475528690973
34,0.001767706915277834,251,0.28867272017370005,l2,True,True,False,0.7392212781744397,0.7068486140724947,0.7230349461234672
35,0.0016669590213393072,251,0.2444680557908705,l1,True,True,False,0.5906896606662858,0.5645543710021322,0.577622015834209
36,0.0030644117461728275,2651,0.10195331607593396,,True,False,True,0.3313106989468797,0.3256631130063966,0.32848690597663815
37,0.0017998734849584595,751,0.41686219939902,l2,True,True,False,0.7026659170932331,0.6739957356076759,0.6883308263504545
38,0.0010036230816449104,1651,0.7751697748257858,l1,True,False,True,0.38227562300704887,0.37037100213219615,0.3763233125696225
39,0.018703219280932007,1151,0.16224164008827258,l2,True,True,False,0.612926500076247,0.5887078891257995,0.6008171946010232
40,0.012343035081106296,451,0.2672534544055295,,True,False,True,0.7482571279653861,0.7176631130063966,0.7329601204858913
41,0.012020907476748135,251,0.27002156861538845,,True,False,True,0.7610871242554528,0.7305586353944563,0.7458228798249545
42,0.10989270320119593,401,0.2204687215155534,,True,False,True,0.751930644731781,0.7220980810234542,0.7370143628776176
43,0.10090373046702697,451,0.2287865150937137,,True,False,True,0.7474855528824816,0.7170319829424308,0.7322587679124561
44,0.11857003228475008,1401,0.2394147003609244,,True,False,True,0.45790818939323247,0.44699360341151384,0.4524508964023731
45,0.12192574553844393,1051,0.620263059701383,,True,False,True,0.6704327420959074,0.6449978678038379,0.6577153049498727
46,0.21264133825950768,1901,0.4732233790370829,,True,False,True,0.3966874620187044,0.3864904051172708,0.39158893356798763
47,0.8030824701833481,451,0.3806097779245382,,True,False,True,0.7483572734038751,0.7173731343283583,0.7328652038661168
48,0.9806972612096316,651,0.3808818122701046,,True,False,True,0.7237055633067113,0.6950618336886993,0.7093836984977053
49,2.221168737334282,2151,0.2838746421594894,,True,False,True,0.36975516716322115,0.35981236673773986,0.36478376695048054
50,0.7533748881130775,451,0.31773896097739907,,True,False,True,0.7481524304615111,0.7176289978678039,0.7328907141646575
51,0.7671304088032536,201,0.31022495019740426,,True,False,True,0.7645717303083341,0.7338848614072495,0.7492282958577918
52,3.425652221249628,201,0.3230975661932023,,True,False,True,0.7641506642601414,0.7333390191897654,0.7487448417249534
53,4.733220499188791,201,0.3293470058649508,,True,False,True,0.7639640295793209,0.733049040511727,0.748506535045524
54,4.479949352843025,101,0.2019623945762446,,True,False,True,0.7674099430764223,0.7340042643923241,0.7507071037343732
55,3.696580149118706,101,0.4610936522238701,,True,False,True,0.7679789512496558,0.7341748400852879,0.7510768956674718
56,3.1077214956629153,151,0.48510229408590944,,True,False,True,0.7662013697164746,0.7342771855010661,0.7502392776087703
57,4.844180282886749,151,0.47311744780327,,True,False,True,0.7660761879183633,0.7342430703624734,0.7501596291404183
58,2.8562701874786796,151,0.5965872041494251,,True,False,True,0.7693104303750219,0.7367675906183369,0.7530390104966793
59,1.7377338430512923,151,0.6069881446003003,,True,False,True,0.769446992336598,0.7369040511727079,0.753175521754653
60,2.5194736046391863,651,0.5996325208692175,,True,False,True,0.7280618898809863,0.6991897654584222,0.7136258276697043
61,3.262853403676628,151,0.5833210875240168,,True,False,True,0.7692785659173208,0.7365799573560767,0.7529292616366987
62,1.6039465310583663,151,0.6900319416602387,,True,False,True,0.769446992336598,0.7369722814498934,0.7532096368932457
63,1.5357809061731538,101,0.7073450495167022,,True,False,True,0.7709332416850836,0.7374840085287846,0.7542086251069341
64,1.3732779472560337,101,0.6973225946858873,,True,False,True,0.7709195854889259,0.7375522388059701,0.754235912147448
65,1.3750937188495993,601,0.6936680752828804,,True,False,True,0.7355932820619036,0.7058081023454158,0.7207006922036596
66,1.597313732083941,751,0.7262203283483006,,True,False,True,0.721522847954188,0.6936972281449894,0.7076100380495887
67,1.7514795717892782,351,0.8393999472313604,,True,False,True,0.7593914798992173,0.728545842217484,0.7439686610583507
68,1.2091797275874547,101,0.5767475064881641,,True,False,True,0.7709286896196977,0.737501066098081,0.7542148778588893
69,0.5292822727339708,551,0.5873822684753364,,True,False,True,0.7402113523958658,0.7095778251599147,0.7248945887778903
70,1.169524661485405,3951,0.6652007109112997,,True,False,True,0.3175065606642374,0.3109765458422175,0.31424155325322745
71,3.015656076529083,101,0.5366352101025194,,True,False,True,0.770780747494657,0.7371940298507462,0.7539873886727015
72,2.7019865945816695,301,0.5547150999119728,,True,False,True,0.7618473191748927,0.7312409381663113,0.746544128670602
73,1.8565651305107775,1,0.7077311458691418,,True,False,True,0.8315257840363619,0.6962046908315564,0.7638652374339592
74,1.8814151786035402,1,0.7000815175197259,l1,True,False,True,0.4889965199460125,0.4678379530916844,0.4784172365188485
75,1.372780243048529,301,0.6402258775339051,,True,False,True,0.762004365430705,0.7313091684434968,0.7466567669371009
76,0.567645818988906,101,0.7611633568855344,,True,False,True,0.7709491739139341,0.7375181236673773,0.7542336487906558
77,1.117241574252581,1,0.8020885110510052,,True,False,True,0.8335309688388364,0.6885287846481877,0.761029876743512
78,0.5618780506348171,51,0.8255929600171487,,True,False,True,0.7707670912984994,0.7348912579957356,0.7528291746471175
79,0.9855631823942693,2501,0.780486875119245,,True,False,True,0.35756246002717584,0.3481620469083156,0.3528622534677457
80,0.4080595621481536,1,0.74684599649147,l1,True,False,True,0.5386709334692884,0.5064392324093817,0.5225550829393351
81,2.1834387102321267,351,0.8722839772439815,,True,False,True,0.7593618914742092,0.7284605543710021,0.7439112229226057
82,1.3267825893100602,101,0.7394700407006674,,True,False,True,0.7709195854889259,0.7375351812366737,0.7542273833627998
83,1.3378504736126429,301,0.7245478021879089,,True,False,True,0.7620089174960909,0.7312921108742004,0.7466505141851456
84,0.5817645773778042,51,0.814849290022905,,True,False,True,0.7707670912984994,0.7348912579957356,0.7528291746471175
85,1.0386625286244537,551,0.7608386482504755,,True,False,True,0.740204524297787,0.7095607675906184,0.7248826459442027
86,0.3516869400513694,251,0.7048506498628265,,True,False,True,0.7641347320312909,0.7333560767590618,0.7487454043951763
87,0.8228720535462393,1,0.8022423474662301,,True,False,True,0.8345164909948767,0.6848784648187634,0.75969747790682
88,0.6776478745179816,1,0.8723205815709099,,True,False,True,0.8349375570430694,0.6828997867803838,0.7589186719117266
89,0.6801542010878916,3251,0.9290601611957459,,True,False,True,0.32570255439149126,0.3198123667377399,0.3227574605646156
90,0.26860553586311464,1,0.9375746980757974,,True,False,True,0.8364943634050359,0.675138592750533,0.7558164780777845
91,0.29919324550618903,51,0.922105464233638,,True,False,True,0.7707648152658064,0.7348912579957356,0.752828036630771
92,0.8834633117995992,1,0.9555396986148726,,True,False,True,0.834297991856355,0.6854243070362473,0.7598611494463012
93,0.8625913044659835,1,0.8935397315201186,,True,False,True,0.83440268936023,0.6851855010660981,0.7597940952131641
94,0.8747404861437218,251,0.8926429154470229,,True,False,True,0.7641597683909132,0.733321961620469,0.748740865005691
95,0.16035489274245576,1,0.9944909674129269,,True,False,True,0.8369336377147721,0.6725970149253732,0.7547653263200726
96,0.24539835374106075,1,0.9866813402590215,l1,True,False,True,0.5535971558695469,0.5157014925373135,0.5346493242034303
97,0.16861226998418732,401,0.9582455483257485,,True,False,True,0.7562664870118194,0.72527078891258,0.7407686379621997
98,0.4273327612584273,1,0.8718202325346974,,True,False,True,0.8358343139240852,0.6783283582089552,0.7570813360665203
99,0.17173914908036708,1,0.865817215006762,,True,False,True,0.8368721848320629,0.6727846481876333,0.7548284165098481
100,0.1753483273365734,1,0.8661712334544742,,True,False,True,0.8368562526032124,0.6728699360341152,0.7548630943186638
101,0.2093725393405563,1,0.8638829114477796,,True,False,True,0.8366764460204706,0.6739275053304904,0.7553019756754805
102,0.434360655529258,251,0.8563049771157317,,True,False,True,0.7641438361620626,0.7333731343283582,0.7487584852452104
103,0.08158205537528708,1,0.8018594697114427,,True,False,True,0.8373046310437203,0.6704477611940298,0.7538761961188751
104,0.1899401282920335,201,0.8868474440303576,,True,False,True,0.7675419529726125,0.7362388059701492,0.7518903794713809
105,0.27501955934381583,401,0.9465481953257504,,True,False,True,0.7562573828810477,0.7252537313432836,0.7407555571121657
106,0.3149022895633275,201,0.899853974814574,,True,False,True,0.7675191926456831,0.7361535181236674,0.7518363553846752
107,0.4523482518122091,1,0.8568523520399606,,True,False,True,0.8357501007144467,0.6785330490405117,0.7571415748774792
108,0.46709642320214195,301,0.8389203091279682,,True,False,True,0.7620726464114931,0.7313091684434968,0.746690907427495
109,0.3654792210820383,501,0.7999837158909101,,True,False,True,0.7477905412633347,0.7168614072494669,0.7323259742564008
110,0.6325625270474816,1801,0.9608236762496953,,True,False,True,0.41573102756047986,0.40438379530916846,0.41005741143482416
111,0.13777265585053136,51,0.8517732113293155,,True,False,True,0.7707989557562005,0.7348912579957356,0.7528451068759681
112,0.21594648395249275,1,0.8659656708676453,,True,False,True,0.8366582377589271,0.6739786780383795,0.7553184578986534
113,0.20972105090268275,151,0.9148612066693462,,True,False,True,0.7695084452193072,0.7369893390191897,0.7532488921192484
114,0.4677559285191808,201,0.9069737969984554,,True,False,True,0.7675123645476044,0.7361535181236674,0.7518329413356359
115,0.7962237212126997,1,0.887248858326077,,True,False,True,0.8345233190929554,0.6844179104477612,0.7594706147703583
116,0.8914166052171937,351,0.9355224527794337,,True,False,True,0.759468865010777,0.7285799573560767,0.7440244111834269
117,0.7430916133284604,101,0.83453335264869,l1,True,False,True,0.5653392085323914,0.5407761194029851,0.5530576639676883
118,0.8443642380110594,201,0.8800702262169405,,True,False,True,0.767491880253368,0.7361705756929637,0.7518312279731658
119,0.3586989907053433,1,0.9685405239717472,,True,False,True,0.8361575105664818,0.6769808102345416,0.7565691604005117
120,0.3598100751976343,301,0.9763701777579554,,True,False,True,0.7620908546730365,0.7313091684434968,0.7467000115582667
121,0.5150016769713736,1,0.8096024664403958,,True,False,True,0.8354860809220663,0.6798294243070363,0.7576577526145514
122,0.6090348477022118,101,0.8020195277982465,,True,False,True,0.7709400697831623,0.7375351812366737,0.754237625509918
123,0.49573697815758666,201,0.9040245066515181,,True,False,True,0.7675123645476044,0.736136460554371,0.7518244125509876
124,1.0629867104906872,51,0.943757036246133,,True,False,True,0.7708171640177439,0.7347889125799574,0.7528030382988506
125,0.6775388482968078,2801,0.9676464942769961,,True,False,True,0.3459865577509155,0.337637526652452,0.34181204220168376
126,0.3704604086239491,1551,0.8247450919390177,,True,False,True,0.4426655984486561,0.43142004264392325,0.4370428205462897
127,0.720543547242577,151,0.8869907384955557,,True,False,True,0.769510721252,0.7369722814498934,0.7532415013509467
128,0.2903637032857781,1,0.9272380172848044,,True,False,True,0.8363851138357752,0.6753603411513859,0.7558727274935806
129,0.3129351679405852,101,0.9194984192280385,,True,False,True,0.7709924185350998,0.7375522388059701,0.754272328670535
130,1.106983393087909,251,0.9476807388917053,,True,False,True,0.7641461121947556,0.733321961620469,0.7487340369076123
131,0.2494924665094465,1,0.9301013842919523,,True,False,True,0.8365467121569734,0.6746780383795309,0.7556123752682522
132,0.4245203331042967,1,0.9314790961054581,,True,False,True,0.8358502461529358,0.6783454157782516,0.7570978309655937
133,0.5191787431630608,101,0.8509756284827995,,True,False,True,0.7709560020120129,0.7375351812366737,0.7542455916243433
134,0.4494848876398581,151,0.9816552494375744,,True,False,True,0.7695016171212283,0.7370063965884861,0.7532540068548572
135,0.8905507962712272,1,0.904261935171918,,True,False,True,0.8342888877255833,0.6855095948827292,0.7598992413041563
136,0.8478647616914176,351,0.78809926124555,,True,False,True,0.7594870732723205,0.7285970149253731,0.7440420440988468
137,0.5890972271509105,101,0.8967085720923796,,True,False,True,0.7709468978812412,0.7375351812366737,0.7542410395589574
138,0.9255678714261231,251,0.8110786496751482,,False,False,True,0.7693809873885028,0.7370234541577825,0.7532022207731426
139,1.9923390288823677,1,0.881552860064839,l1,True,False,True,0.4870778243858695,0.46611513859275056,0.47659648148931
140,0.6983174771356906,101,0.9122193951054839,,True,False,True,0.7709468978812412,0.737501066098081,0.754223981989661
141,1.1075621701765896,1,0.9441975115193643,,True,False,True,0.8335469010676869,0.6884264392324094,0.7609866701500482
142,1.0516144128994125,51,0.9626302043750837,,True,False,True,0.7708057838542793,0.7347889125799574,0.7527973482171184
143,1.1628934053942916,201,0.8400166295355385,,True,False,True,0.7674713959591316,0.7362046908315565,0.751838043395344
144,0.5286045786575779,1,0.9184993704026599,,True,False,True,0.8354451123335935,0.6800852878464819,0.7577652000900377
145,0.7774593878326058,151,0.7698525240113487,,True,False,True,0.7695198253827717,0.736955223880597,0.7532375246316844
146,1.4819225106973672,51,0.9995465017467953,,True,False,True,0.7708012317888934,0.7347036247334755,0.7527524282611844
147,0.5213383707648307,1,0.8962898578257719,,True,False,True,0.8354724247259088,0.6799147121535182,0.7576935684397135
148,0.5528004974571179,251,0.8785510127216729,,True,False,True,0.7641506642601414,0.733321961620469,0.7487363129403053
149,0.929135635710446,151,0.898717872668269,,True,False,True,0.7694970650558425,0.7368528784648187,0.7531749717603307
150,0.029898502257444955,401,0.844036646586252,,True,False,True,0.7562778671752841,0.7252537313432836,0.7407657992592839
151,0.39662472847664715,1,0.9563969424038259,,True,False,True,0.8359412874606531,0.6778678038379531,0.7569045456493031
152,0.4105387715618454,101,0.9490920175862444,,True,False,True,0.7709855904370211,0.7375181236673773,0.7542518570521992
153,0.6675347898482427,2101,0.9134060337583341,,True,False,True,0.38759243537774174,0.37644349680170575,0.3820179660897237
154,0.5021833133269429,1,0.826716011536967,,True,False,True,0.8355224974451533,0.6796417910447761,0.7575821442449646
155,0.805327812115657,51,0.7874192869733853,,True,False,True,0.7707784714619641,0.7348230277185501,0.7528007495902571
156,0.5027919138281455,201,0.8157531947419837,,True,False,True,0.7675055364495256,0.736136460554371,0.7518209985019483
157,1.2279590997439047,1,0.8620615027211238,,True,False,True,0.8331463193137306,0.6897398720682303,0.7614430956909805
158,1.2282010895593436,101,0.8217768416507893,,True,True,True,0.7709468978812412,0.7375181236673773,0.7542325107743093
159,1.5516887550346667,1001,0.8592210720106658,,False,False,True,0.6982231012766268,0.6710618336886993,0.684642467482663
160,2.497398493091876,301,0.891219786043641,,True,False,True,0.7618655274364361,0.7311897654584222,0.7465276464474291
161,0.6278651978170019,1,0.8626464128030858,,True,False,True,0.8351082594950394,0.6821151385927505,0.7586116990438949
162,0.674664815505096,1,0.8532443530971187,,True,False,True,0.8349466611738411,0.6828827292110874,0.7589146951924642
163,0.9860279168124666,151,0.8532961791396472,,True,False,True,0.7695016171212283,0.7368869936034115,0.7531943053623199
164,0.6383987851356492,101,0.841283883638531,,True,False,True,0.77095372597932,0.7375522388059701,0.754252982392645
165,1.206854812860189,1,0.8300962659446168,,True,False,True,0.8332396366541409,0.6895522388059702,0.7613959377300555
166,1.8373619809569715,201,0.7940911472219233,,True,False,False,0.7664153167896104,0.7353859275053305,0.7509006221474704
167,1.2860790641044177,51,0.8296809806463528,l2,True,False,True,0.7399063640150128,0.706865671641791,0.723386017828402
168,1.0885374525804041,1301,0.8159154015202381,l1,True,False,True,0.418366673418897,0.40353091684434966,0.4109487951316233
169,0.7295034742135799,1,0.8743884876725855,,True,False,True,0.834709953773776,0.6835650319829424,0.7591374928783592
170,0.7699958729245834,151,0.8786309817293683,,True,False,True,0.7695175493500789,0.7369722814498934,0.7532449153999861
171,0.8963629788828889,1,0.899383798621801,,True,False,True,0.8342843356601974,0.6855778251599147,0.7599310804100561
172,0.949935126602228,101,0.8989813987375492,,True,False,True,0.7709400697831623,0.737501066098081,0.7542205679406216
173,0.8006866524484526,1,0.8710355056283882,,True,False,True,0.8345278711583414,0.6844349680170576,0.7594814195876995
174,0.8239490900010256,101,0.9129856690962783,,True,False,True,0.7709446218485483,0.7375181236673773,0.7542313727579628
175,1.2039418328601557,1,0.8830104056503001,,True,False,True,0.8332601209483773,0.689501066098081,0.7613805935232292
176,1.2545786814409159,201,0.8699949038920146,,True,False,True,0.7674600157956669,0.7361876332622601,0.7518238245289635
177,1.4164920048795477,101,0.8794781527307335,,True,False,True,0.7709309656523906,0.7374840085287846,0.7542074870905876
178,1.7009119699438688,1,0.8587587374906606,,True,False,True,0.8318762930710737,0.6944648187633262,0.7631705559172
179,2.2632293635433465,251,0.8559384269687726,,True,False,True,0.7640004461024078,0.7332366737739872,0.7486185599381975
180,1.6668649503084993,101,0.8433185055641824,,True,False,True,0.7709036532600755,0.7374840085287846,0.75419383089443
181,1.0903000785750612,1,0.9167686945082867,,True,False,True,0.8336288382446325,0.688136460554371,0.7608826493995018
182,1.1047464067621011,51,0.8729107927410524,,True,False,True,0.7708262681485157,0.7347889125799574,0.7528075903642366
183,0.9375868202400471,1,0.8816088347820328,,True,False,True,0.834090872881298,0.6859701492537313,0.7600305110675147
184,0.9490445941766501,151,0.8946103972637576,,True,False,True,0.7695038931539213,0.7368699360341151,0.7531869145940182
185,1.196187095730732,1,0.9319416321567829,,True,False,True,0.8332988135041571,0.6895351812366738,0.7614169973704155
186,1.9146808890420626,101,0.9356842214623506,,True,False,True,0.7708899970639178,0.7374157782515991,0.7541528876577585
187,1.5247976879827767,201,0.9237405072698538,,True,True,True,0.7674144951418083,0.7362388059701492,0.7518266505559787
188,1.2804855158948676,1,0.9095002366708544,,True,False,True,0.8330347937117769,0.6903027718550107,0.7616687827833938
189,1.291081539644148,51,0.9027129269434276,,True,False,True,0.7707966797235075,0.7348059701492538,0.7528013249363806
190,1.1598045742330807,151,0.9413055609824176,,False,False,True,0.775237219507421,0.7414925373134328,0.7583648784104269
191,1.0081421954608543,1,0.8857592003765618,,True,False,True,0.8338951340697057,0.6871641791044776,0.7605296565870916
192,1.0108540235843049,1,0.9131268830160502,,True,False,True,0.8339019621677846,0.6871641791044776,0.7605330706361311
193,1.0778500889944804,51,0.9134590523677362,,True,False,True,0.7708171640177439,0.7348059701492538,0.7528115670834988
194,1.7328290796863126,101,0.8931530832203405,,True,False,True,0.7708991011946895,0.7374498933901918,0.7541744972924407
195,1.3860894487910702,1,0.9290598867068451,,True,False,True,0.8327434615270813,0.691411513859275,0.7620774876931782
196,1.46892682822409,251,0.9304842684597473,,True,False,True,0.7640892113774322,0.7333901918976545,0.7487397016375434
197,1.3306720880297185,1,0.9189565850515502,,True,False,False,0.8319605062807122,0.6902686567164179,0.761114581498565
198,2.1953785770566596,151,0.9533812089022423,,True,False,False,0.7683954652324626,0.7362046908315565,0.7523000780320095
199,1.3344560547069628,2401,0.9757627381546512,,True,False,False,0.3612587371205,0.3506865671641791,0.35597265214233953
200,1.7428541512437177,101,0.9133979854819196,,True,False,False,0.7698043294693885,0.7363752665245202,0.7530897979969544
201,0.954316065697605,1,0.9465548848068773,,True,False,False,0.8331554234445023,0.6857825159914712,0.7594689697179868
202,1.152164367849638,1,0.9248808203220571,,True,False,False,0.8324589574404647,0.6885628997867804,0.7605109286136226
203,1.1648654052580494,51,0.9324537017228126,,True,False,False,0.7697792931097662,0.7339189765458423,0.7518491348278042
204,1.4880435948733641,1,0.9137368048905975,l2,True,False,False,0.6368476036789792,0.5895778251599147,0.613212714419447
205,1.0467834220527659,101,0.9050219624852138,,True,False,False,0.7699204071367282,0.7364264392324094,0.7531734231845688
206,1.2745826194483092,201,0.9711121524301882,,True,False,False,0.7664449052146185,0.7354200426439232,0.7509324739292709
207,0.9209984240998206,1,0.9292649280900863,l1,True,False,False,0.5117636749734273,0.48581663113006396,0.4987901530517457
208,1.9917489886162991,3651,0.9505794627272406,,True,False,False,0.31945256861669563,0.3137228144989339,0.31658769155781474
209,1.571026508475657,101,0.889544412960009,,True,False,True,0.7709286896196977,0.7374669509594882,0.7541978202895929
210,1.2023992506272296,1,0.9221973415353936,,True,False,True,0.8332623969810702,0.6895181236673774,0.7613902603242237
211,1.1531679248857072,1,0.9166636879556235,,True,False,True,0.833408063073418,0.6890575692963753,0.7612328161848967
212,1.2230735209756127,51,0.9192068137687315,,True,False,True,0.7708080598869722,0.7348059701492538,0.752807015018113
213,1.0615276631423702,1,0.937045871693822,,True,False,True,0.8337289836831216,0.6878464818763326,0.7607877327797271
214,1.362302390489781,151,0.9397668849679128,,True,False,True,0.7694697526635272,0.736955223880597,0.7532124882720621
215,1.107409869975343,1,0.9559154048262629,,True,False,True,0.8335469010676869,0.6884264392324094,0.7609866701500482
216,1.0800973556394746,101,0.9636916627651135,,True,False,True,0.77095372597932,0.7375351812366737,0.7542444536079969
217,1.680851671416678,1,0.924162884722912,,True,False,True,0.831930917855704,0.6942942430703625,0.7631125804630332
218,1.7304728754838177,101,0.9292629863613033,,True,False,True,0.7708991011946895,0.7374498933901918,0.7541744972924407
219,2.4435203533575103,1,0.9853620146935065,,True,False,True,0.8298369677782051,0.7009808102345416,0.7654088890063734
220,2.48369110205341,201,0.9815239314153359,,True,True,True,0.7672915893763897,0.736136460554371,0.7517140249653804
221,1.9631608488093877,1,0.9980180215641816,,True,False,True,0.8312094154920441,0.6972110874200427,0.7642102514560434
222,2.051565419405883,51,0.9708275105017803,,True,False,True,0.7708035078215864,0.7347036247334755,0.7527535662775309
223,2.71451716280325,1,0.9839808914207538,,True,False,True,0.8292543034088141,0.7027889125799573,0.7660216079943858
224,2.796493073563139,101,0.9872205681954005,,True,False,True,0.7708126119523581,0.7372110874200426,0.7540118496862003
225,3.3011996683565004,1,0.9822521773041414,,True,False,True,0.8280616622777169,0.7055692963752666,0.7668154793264917
226,3.6473732159653838,101,0.9950093044968118,,True,False,True,0.7707238466773336,0.7371428571428571,0.7539333519100954
227,3.2151565137107307,1,0.9619210506416489,,True,False,True,0.8282642291873881,0.70536460554371,0.7668144173655491
228,3.3259250879937294,151,0.9972264533958448,,True,False,True,0.7692717378192421,0.736545842217484,0.7529087900183631
229,4.140977377862639,51,0.9770906769014326,,False,False,True,0.778664924742979,0.7431641791044776,0.7609145519237284
230,4.370607319497668,201,0.9794991181158987,,False,False,True,0.771429416812143,0.7390191897654584,0.7552243032888007
231,3.956434678572189,1,0.9642385600046401,,False,False,True,0.6852201265018971,0.6397100213219616,0.6624650739119293
232,3.1038686342514956,51,0.9986171561981234,,True,False,True,0.7707420549388772,0.7347547974413646,0.752748426190121
233,2.7076728052159447,51,0.9558615907246991,,False,False,True,0.7793295262893156,0.7438464818763326,0.7615880040828241
234,2.904882761429547,101,0.9602850090005237,,False,False,True,0.7775200802984334,0.743044776119403,0.7602824282089182
235,2.5016654479733025,101,0.9753833275695674,,False,False,True,0.7776270538350013,0.7434371002132196,0.7605320770241104
236,3.925594489732696,1,0.9507930540447853,,False,False,True,0.6860577065328967,0.6406993603411514,0.663378533437024
237,2.3042316831762437,51,0.9805564085363567,,True,False,True,0.7708126119523581,0.7346524520255864,0.7527325319889722
238,3.3136846910330995,151,0.9525826071117676,,False,False,True,0.7742926659398536,0.7405884861407249,0.7574405760402892
239,4.70950825404991,1,0.9997295030556258,,False,False,True,0.6659057130696625,0.6236759061833689,0.6447908096265157
240,1.982004346577729,2851,0.9643695514860732,,False,False,True,0.37794433279239625,0.36644776119402983,0.37219604699321307
241,2.7321029419268075,1,0.9503359584933897,,False,False,True,0.7243496805588115,0.6712324093816631,0.6977910449702374
242,1.6225441214825442,51,0.9410699049439208,,False,False,True,0.7797551444028942,0.7446652452025586,0.7622101948027264
243,2.201425393850755,101,0.9360926672046627,,False,False,True,0.7777294753061833,0.7436417910447761,0.7606856331754797
244,1.5243918311174292,101,0.9798528112820477,,False,False,True,0.777943422379319,0.7439829424307036,0.7609631824050114
245,1.7179079632224759,101,0.971084403803304,,False,False,True,0.7779024537908462,0.7437611940298507,0.7608318239103484
246,1.5455581236994147,201,0.9827275577554836,l2,False,False,True,0.6918934543575784,0.6629083155650319,0.6774008849613051
247,1.8890499601608695,51,0.9662625724514412,,False,False,True,0.7796481708663263,0.7443923240938166,0.7620202474800715
248,1.9715627354519627,151,0.9825479332649469,,False,False,True,0.7748116013938424,0.741185501066098,0.7579985512299703
249,2.535756790560079,101,0.9616519322563404,,False,False,True,0.7776202257369225,0.743454157782516,0.7605371917597192
250,1.6692101819963063,51,0.948782593211322,l1,False,False,True,0.4867455236127012,0.46794029850746266,0.4773429110600819
251,1.4865006675539103,251,0.977548725655742,,False,False,True,0.7691283477595873,0.7367505330490405,0.7529394404043139
252,3.6592989361761705,51,0.9994269726495468,,False,False,True,0.7789289445353593,0.7433859275053305,0.7611574360203449
253,3.076360884823549,151,0.9911611491172571,,False,False,True,0.7743541188225628,0.7405373134328358,0.7574457161276993
254,2.0764122429881424,1,0.9984805710426645,,False,False,True,0.7487533030924456,0.6908486140724946,0.7198009585824701
255,1.794997324882876,101,0.6308120766177084,,False,False,True,0.7779161099870039,0.7436588486140725,0.7607874793005382
256,1.411434411859081,201,0.9592890662591524,,False,True,True,0.7726721306624849,0.7396673773987207,0.7561697540306027
257,2.4982230719944396,1,0.94451116226753,,False,False,True,0.7326685800514838,0.6777484008528785,0.7052084904521811
258,1.3709745330239884,101,0.9663300396269324,,False,False,True,0.7780344636870364,0.7439488272921109,0.7609916454895737
259,2.1202480889158553,301,0.9398368017206178,,False,False,True,0.766394832495374,0.7346865671641791,0.7505406998297766
260,1.344739299405591,51,0.9623167207595507,,False,False,True,0.7799417790837148,0.744955223880597,0.7624485014821558
261,3.5530834737206543,151,0.9695489138975587,,False,False,True,0.7741902444686716,0.740639658848614,0.7574149516586428
262,1.3524672297829756,51,0.9271321914695633,,False,False,True,0.7799349509856359,0.744955223880597,0.7624450874331165
263,1.8586715098865143,251,0.999225292450629,,False,False,True,0.7689667494383889,0.7365628997867804,0.7527648246125846
264,1.3408708333611417,101,0.9261951617807889,,False,False,True,0.7780663281447374,0.7439317697228145,0.7609990489337759
265,2.7361336134294545,51,0.9257530660240398,,False,False,True,0.7792999378643075,0.7438464818763326,0.7615732098703201
266,2.6650130075419005,201,0.9246414362540764,,False,False,True,0.7721031224892514,0.7393262260127932,0.7557146742510223
267,3.3082825852249287,51,0.9414730090083857,,False,False,True,0.7790996469873294,0.743727078891258,0.7614133629392936
268,3.2926265144793447,1501,0.9337903167522227,,False,False,True,0.4753084593307098,0.4611002132196162,0.468204336275163
269,2.8556371083519836,51,0.9425271773763406,l2,False,False,True,0.6776864582882869,0.6473688699360342,0.6625276641121605
270,0.058601307741756606,151,0.9109029486967882,,False,False,True,0.7760292788845619,0.7424307036247335,0.7592299912546476
271,2.402046544937661,51,0.955431125580241,,False,False,True,0.7794046353681824,0.7440682302771855,0.7617364328226839
272,2.4286499826133054,201,0.9578381527699211,,False,False,True,0.7721463671104172,0.7394115138592751,0.7557789404848461
273,3.831475528718158,101,0.9623852717395232,l1,False,False,True,0.4674925630631758,0.44970575692963755,0.45859915999640666
274,2.998956550112794,301,0.9453361384501929,,False,False,True,0.7660989482452926,0.734362473347548,0.7502307107964203
275,1.9875015168082784,51,0.9829174371682622,,False,True,True,0.7795958221143888,0.7444264392324094,0.7620111306733991
276,2.2845411306028223,51,0.6668990784210628,,False,True,True,0.7794729163489704,0.7442899786780384,0.7618814475135044
277,2.2934745200990765,151,0.9657944121777476,,False,False,True,0.7746113105168643,0.7410660980810234,0.7578387042989438
278,2.1443108890459928,101,0.7130578342137678,,False,True,True,0.7777545116658056,0.7437782515991471,0.7607663816324763
279,1.8997294565489788,201,0.9828691593991278,,False,True,True,0.7724194910335692,0.7395820895522388,0.756000790292904
280,2.6757905946651346,51,0.5666942932377841,,False,True,True,0.7793295262893156,0.7439488272921109,0.7616391767907132
281,2.4300651191561955,101,0.5734536226297197,,False,True,True,0.7776566422600094,0.7435223880597015,0.7605895151598554
282,2.898721396755872,251,0.5646642678323598,,False,True,True,0.768554787520968,0.7365628997867804,0.7525588436538742
283,2.6952895038051317,51,0.5066472369808279,,False,True,True,0.7767644374443794,0.7414413646055437,0.7591029010249615
284,1.8183501794605115,51,0.9466815618094844,,False,True,True,0.7796367907028616,0.7445799573560767,0.7621083740294692
285,2.18104061879786,151,0.6157204234249076,,False,True,True,0.7746704873668805,0.7411002132196162,0.7578853502932483
286,1.8313180707408774,201,0.6634139571582729,,False,True,True,0.7724376992951126,0.7395309168443497,0.7559843080697312
287,2.403251987164385,51,0.9510201339224282,,False,True,True,0.7794069114008754,0.7440682302771855,0.7617375708390304
288,2.364665794262341,301,0.7494713742127773,,False,True,True,0.7663151713511213,0.7346524520255864,0.7504838116883539
289,3.081182260208258,101,0.9481468684635072,,False,True,True,0.7773857943695504,0.7430106609808103,0.7601982276751803
290,1.8844675759218785,51,0.51469134293619,,False,True,True,0.7771445349040994,0.7417484008528785,0.7594464678784889
291,2.5978069098569856,151,0.979181787360351,,False,True,True,0.7745157171437611,0.7407931769722814,0.7576544470580213
292,2.163203526239331,751,0.960181398234829,l2,False,True,True,0.6543639512837962,0.6280597014925373,0.6412118263881668
293,3.3533300715724086,1701,0.6861130181397807,,False,True,True,0.45111878387021154,0.43762899786780385,0.4443738908690077
294,1.6918388686713028,51,0.3993194733040411,,False,True,True,0.7771809514271864,0.7419189765458423,0.7595499639865143
295,2.767053497097399,201,0.9408595392916158,,False,True,True,0.7720189092796129,0.7393773987206823,0.7556981540001476
296,2.1307886498720943,1,0.6397681407315184,,False,True,True,0.7466388687207103,0.6889722814498934,0.7178055750853019
297,1.6562570306357163,101,0.974388221155116,,False,True,True,0.7779024537908462,0.7437953091684435,0.7608488814796448
298,4.850167346904991,151,0.9545228805894109,l1,False,True,True,0.4629131852849934,0.4449466950959488,0.4539299401904711
299,3.3698193386593767,351,0.5298203492177853,,False,True,True,0.7630217520444463,0.7316503198294243,0.7473360359369353
